2117101,1.8900,-0.1300,9.6200,1.9197,0.0214,9.9611,10.1444,0.0625,0.0000,-0.0625,995.51,15.75,148.71
2117141,1.8700,-0.1200,9.6500,1.8997,0.0314,9.9911,10.1701,-0.1250,-0.0625,0.0000,995.51,15.75,148.74
2117181,1.9000,-0.0800,9.5800,1.9297,0.0714,9.9211,10.1073,0.0000,-0.1250,-0.1875,995.51,15.75,148.77
2117221,1.9000,-0.1000,9.6400,1.9297,0.0514,9.9811,10.1661,0.0625,-0.0625,-0.0625,995.51,15.75,148.76
2117261,1.9000,-0.1200,9.6400,1.9297,0.0314,9.9811,10.1660,0.0000,0.0000,0.0000,995.51,15.75,148.76
2117301,1.8900,-0.1400,9.6600,1.9197,0.0114,10.0011,10.1837,-0.1250,0.1250,0.0000,995.51,15.76,148.79
2117341,1.9000,-0.1400,9.6600,1.9297,0.0114,10.0011,10.1856,0.0000,0.0625,0.0000,995.50,15.75,148.84
2117381,1.9000,-0.1300,9.6000,1.9297,0.0214,9.9411,10.1267,0.1250,0.0000,0.0000,995.50,15.76,148.81
2117421,1.9100,-0.1500,9.6100,1.9397,0.0014,9.9511,10.1384,0.0625,0.0625,-0.1250,995.50,15.76,148.85
2117461,1.9200,-0.1100,9.6100,1.9497,0.0414,9.9511,10.1404,0.0000,-0.1250,0.0625,995.50,15.76,148.80
2117501,1.9100,-0.1100,9.6100,1.9397,0.0414,9.9511,10.1385,0.0000,0.1250,0.0000,995.50,15.75,148.81
2117541,1.8800,-0.1200,9.6500,1.9097,0.0314,9.9911,10.1720,-0.1875,-0.1250,-0.0625,995.50,15.76,148.85
2117582,1.8900,-0.1500,9.6400,1.9197,0.0014,9.9811,10.1640,0.0625,-0.1875,0.0625,995.51,15.76,148.79
2117622,1.8900,-0.1400,9.6400,1.9197,0.0114,9.9811,10.1640,0.0000,0.0000,0.1250,995.51,15.76,148.75
2117662,1.9100,-0.1200,9.6500,1.9397,0.0314,9.9911,10.1777,0.1250,-0.0625,0.0000,995.51,15.76,148.76
2117702,1.8900,-0.1100,9.6000,1.9197,0.0414,9.9411,10.1248,-0.0625,0.0625,0.0000,995.51,15.76,148.76
2117742,1.8800,-0.1100,9.6400,1.9097,0.0414,9.9811,10.1622,0.0000,0.0000,0.0000,995.51,15.76,148.77
2117781,1.9000,-0.1200,9.6400,1.9297,0.0314,9.9811,10.1660,-0.0625,-0.1250,0.1250,995.51,15.76,148.77
2117821,1.8800,-0.1400,9.6300,1.9097,0.0114,9.9711,10.1523,-0.0625,0.0625,0.0000,995.51,15.76,148.80
2117861,1.8800,-0.1100,9.6800,1.9097,0.0414,10.0211,10.2015,0.0625,-0.1250,-0.0625,995.50,15.76,148.82
2117901,1.9100,-0.1300,9.6500,1.9397,0.0214,9.9911,10.1777,0.0625,-0.0625,0.0000,995.51,15.76,148.79
2117941,1.9000,-0.1200,9.6200,1.9297,0.0314,9.9611,10.1463,0.1250,-0.1875,-0.0625,995.51,15.76,148.79
2117981,1.9200,-0.1000,9.6000,1.9497,0.0514,9.9411,10.1306,0.1250,-0.0625,0.1250,995.51,15.76,148.79
2118021,1.9000,-0.0900,9.6000,1.9297,0.0614,9.9411,10.1268,0.1250,-0.0625,0.0625,995.50,15.76,148.82
2118061,1.8900,-0.0800,9.6200,1.9197,0.0714,9.9611,10.1446,-0.0625,0.1250,0.0000,995.51,15.76,148.76
2118101,1.8900,-0.1200,9.6200,1.9197,0.0314,9.9611,10.1444,-0.3125,0.1250,-0.1875,995.51,15.76,148.75
2118141,1.8400,-0.1700,9.6300,1.8697,-0.0186,9.9711,10.1449,-0.0625,0.0000,-0.0625,995.51,15.76,148.73
2118181,1.8800,-0.1400,9.6700,1.9097,0.0114,10.0111,10.1916,0.0000,0.1875,0.0000,995.52,15.76,148.70
2118221,1.8800,-0.1600,9.6500,1.9097,-0.0086,9.9911,10.1720,0.1250,0.0000,0.0000,995.52,15.76,148.68
2118261,1.9000,-0.1600,9.6800,1.9297,-0.0086,10.0211,10.2052,0.0000,-0.0625,-0.0625,995.52,15.76,148.68
2118301,1.9100,-0.1300,9.6400,1.9397,0.0214,9.9811,10.1679,0.1250,0.0625,-0.1250,995.52,15.76,148.71
2118341,1.9200,-0.1000,9.5900,1.9497,0.0514,9.9311,10.1208,0.0000,0.1875,-0.1250,995.51,15.76,148.73
2118381,1.9000,-0.0800,9.5800,1.9297,0.0714,9.9211,10.1073,0.1875,0.1250,0.0000,995.51,15.76,148.72
2118421,1.9200,-0.0800,9.5600,1.9497,0.0714,9.9011,10.0915,-0.1250,0.1250,-0.1250,995.51,15.76,148.75
2118461,1.9000,-0.1000,9.6000,1.9297,0.0514,9.9411,10.1268,0.0625,0.0000,-0.0625,995.51,15.76,148.79
2118501,1.8800,-0.1300,9.6900,1.9097,0.0214,10.0311,10.2113,0.0625,0.1250,-0.0625,995.51,15.76,148.76
2118541,1.8600,-0.1700,9.6600,1.8897,-0.0186,10.0011,10.1781,-0.0625,-0.0625,0.0000,995.51,15.76,148.77
2118582,1.9400,-0.1000,9.6100,1.9697,0.0514,9.9511,10.1443,-0.1250,-0.0625,0.0000,995.51,15.76,148.77
2118622,1.8900,-0.1500,9.7500,1.9197,0.0014,10.0911,10.2721,-0.3125,0.2500,-0.0625,995.51,15.76,148.72
2118662,1.9000,-0.1700,9.6300,1.9297,-0.0186,9.9711,10.1561,-0.1250,0.1875,-0.1250,995.51,15.76,148.76
2118702,1.9000,-0.1300,9.6400,1.9297,0.0214,9.9811,10.1660,0.0000,-0.0625,0.0625,995.51,15.76,148.78
2118742,1.8700,-0.1300,9.5800,1.8997,0.0214,9.9211,10.1014,-0.0625,-0.1875,0.0000,995.51,15.76,148.77
2118781,1.8900,-0.0800,9.5900,1.9197,0.0714,9.9311,10.1152,0.0000,0.0625,0.0000,995.51,15.76,148.78
2118821,1.8800,-0.0900,9.6000,1.9097,0.0614,9.9411,10.1231,0.0625,0.0625,0.1250,995.51,15.76,148.73
2118861,1.8600,-0.0800,9.6400,1.8897,0.0714,9.9811,10.1587,0.1250,-0.0625,-0.0625,995.52,15.76,148.71
2118901,2.0200,-0.1300,9.5700,2.0497,0.0214,9.9111,10.1209,0.0625,-0.0625,0.0000,995.52,15.76,148.69
2118941,1.9400,-0.1300,9.6900,1.9697,0.0214,10.0311,10.2227,0.1250,0.0000,0.1250,995.52,15.76,148.71
2118981,1.9300,-0.1200,9.5600,1.9597,0.0314,9.9011,10.0932,-0.2500,0.0625,0.0625,995.52,15.76,148.69
2119021,1.9100,-0.1200,9.6200,1.9397,0.0314,9.9611,10.1482,0.1250,0.0000,0.0000,995.51,15.76,148.74
2119061,1.9000,-0.1700,9.6200,1.9297,-0.0186,9.9611,10.1463,0.0625,0.0000,0.1250,995.51,15.76,148.72
2119101,1.9100,-0.1400,9.6300,1.9397,0.0114,9.9711,10.1580,-0.0625,0.1875,0.0000,995.51,15.76,148.74
2119141,1.8800,-0.1300,9.6600,1.9097,0.0214,10.0011,10.1818,0.0000,0.1250,0.0625,995.51,15.76,148.74
2119181,1.9500,-0.1500,9.6000,1.9797,0.0014,9.9411,10.1363,0.1875,0.0000,0.0000,995.51,15.76,148.79
2119221,1.8600,-0.1100,9.6300,1.8897,0.0414,9.9711,10.1487,0.2500,-0.0625,0.0000,995.51,15.76,148.75
2119261,1.8800,-0.1400,9.6100,1.9097,0.0114,9.9511,10.1327,-0.0625,0.0000,-0.0625,995.51,15.76,148.79
2119301,1.8600,-0.1300,9.6400,1.8897,0.0214,9.9811,10.1584,-0.1250,0.1250,0.0625,995.50,15.76,148.84
2119341,1.8900,-0.1500,9.6000,1.9197,0.0014,9.9411,10.1248,-0.1250,-0.0625,-0.0625,995.50,15.76,148.86
2119381,1.9000,-0.1400,9.6500,1.9297,0.0114,9.9911,10.1758,0.1875,-0.0625,0.0000,995.50,15.76,148.85
2119421,1.9100,-0.1000,9.6000,1.9397,0.0514,9.9411,10.1287,-0.0625,-0.0625,0.0625,995.50,15.76,148.83
2119461,1.9300,-0.1000,9.5800,1.9597,0.0514,9.9211,10.1129,0.0000,0.0625,0.0625,995.51,15.76,148.78
2119501,1.8800,-0.1600,9.6600,1.9097,-0.0086,10.0011,10.1818,0.0000,-0.3125,-0.0625,995.51,15.76,148.78
2119541,1.8800,-0.1300,9.7100,1.9097,0.0214,10.0511,10.2309,0.0625,0.0625,0.0625,995.51,15.76,148.77
2119582,1.8900,-0.1700,9.6500,1.9197,-0.0186,9.9911,10.1739,-0.1250,-0.0625,-0.0625,995.51,15.76,148.74
2119622,1.9100,-0.1300,9.6000,1.9397,0.0214,9.9411,10.1286,-0.0625,0.0625,0.0625,995.51,15.76,148.73
2119662,1.9000,-0.1300,9.6800,1.9297,0.0214,10.0211,10.2052,0.0000,0.0000,0.0000,995.51,15.76,148.73
2119702,1.9200,-0.1000,9.7000,1.9497,0.0514,10.0411,10.2288,0.1250,-0.0625,0.0000,995.51,15.76,148.77
2119742,1.9200,-0.1200,9.6300,1.9497,0.0314,9.9711,10.1600,0.0000,-0.1875,0.0625,995.52,15.76,148.71
2119781,1.8500,-0.1500,9.6500,1.8797,0.0014,9.9911,10.1664,-0.1875,0.0625,-0.0625,995.52,15.76,148.70
2119821,1.8700,-0.1400,9.6200,1.8997,0.0114,9.9611,10.1406,-0.2500,0.0625,0.0000,995.51,15.75,148.72
2119861,1.8900,-0.1400,9.6500,1.9197,0.0114,9.9911,10.1739,-0.2500,0.0000,0.0000,995.51,15.75,148.75
2119901,1.8600,-0.1400,9.6600,1.8897,0.0114,10.0011,10.1781,0.0625,0.0000,0.0000,995.51,15.76,148.72
2119941,1.8600,-0.1300,9.6500,1.8897,0.0214,9.9911,10.1683,0.1875,-0.0625,-0.0625,995.51,15.75,148.76
2119981,1.8800,-0.1200,9.6600,1.9097,0.0314,10.0011,10.1818,-0.1250,-0.0625,-0.1250,995.51,15.75,148.76
2120021,1.8500,-0.0900,9.6200,1.8797,0.0614,9.9611,10.1371,0.0000,0.0000,0.0000,995.51,15.75,148.78
2120061,1.8400,-0.1300,9.6300,1.8697,0.0214,9.9711,10.1449,-0.1250,0.0000,0.0000,995.50,15.75,148.85
2120101,1.8700,-0.1000,9.5700,1.8997,0.0514,9.9111,10.0917,-0.1250,-0.3125,0.0000,995.49,15.75,148.91
2120141,1.8900,-0.1000,9.5900,1.9197,0.0514,9.9311,10.1151,-0.1250,-0.0625,0.1250,995.49,15.75,148.89
2120181,1.9400,-0.1700,9.6200,1.9697,-0.0186,9.9611,10.1540,-0.0625,0.0000,0.1250,995.50,15.75,148.87
2120221,1.9000,-0.1700,9.6600,1.9297,-0.0186,10.0011,10.1856,-0.2500,-0.1250,0.0625,995.50,15.75,148.82
2120261,1.9400,-0.1600,9.6900,1.9697,-0.0086,10.0311,10.2227,-0.1250,-0.0625,0.0000,995.50,15.75,148.80
2120301,1.9500,-0.1300,9.6400,1.9797,0.0214,9.9811,10.1756,-0.0625,-0.0625,0.1250,995.51,15.75,148.78
2120341,1.9100,-0.1700,9.7000,1.9397,-0.0186,10.0411,10.2268,-0.0625,-0.0625,-0.0625,995.51,15.75,148.74
2120381,1.8700,-0.1500,9.5900,1.8997,0.0014,9.9311,10.1112,0.0625,0.0000,-0.0625,995.51,15.75,148.75
2120421,1.8800,-0.1500,9.6200,1.9097,0.0014,9.9611,10.1425,0.0625,0.0625,-0.1250,995.51,15.75,148.74
2120461,1.8900,-0.1300,9.6100,1.9197,0.0214,9.9511,10.1346,0.1250,-0.1250,0.0625,995.51,15.75,148.76
2120501,1.8800,-0.1300,9.6900,1.9097,0.0214,10.0311,10.2113,0.0625,0.0000,0.1250,995.51,15.75,148.73
2120541,1.8900,-0.1200,9.6100,1.9197,0.0314,9.9511,10.1346,0.1250,-0.0625,0.0000,995.51,15.75,148.74
2120582,1.9100,-0.1300,9.6100,1.9397,0.0214,9.9511,10.1384,0.0000,-0.0625,0.0625,995.51,15.75,148.72
2120622,1.8800,-0.1300,9.6500,1.9097,0.0214,9.9911,10.1720,-0.1250,0.0000,0.0000,995.51,15.75,148.77
2120662,1.9200,-0.1100,9.6100,1.9497,0.0414,9.9511,10.1404,-0.1250,0.0000,0.0000,995.51,15.75,148.75
2120702,1.8900,-0.1600,9.6500,1.9197,-0.0086,9.9911,10.1739,0.0625,-0.2500,0.0000,995.51,15.75,148.79
2120742,1.8800,-0.1900,9.6400,1.9097,-0.0386,9.9811,10.1622,-0.0625,-0.0625,-0.0625,995.51,15.75,148.78
2120781,1.8800,-0.1700,9.6600,1.9097,-0.0186,10.0011,10.1818,-0.0625,0.1250,0.0000,995.51,15.75,148.77
2120821,1.9000,-0.1200,9.6500,1.9297,0.0314,9.9911,10.1758,0.0000,0.1250,-0.0625,995.51,15.75,148.78
2120861,1.9000,-0.1000,9.6100,1.9297,0.0514,9.9511,10.1366,0.1250,0.0625,0.0625,995.51,15.76,148.75
2120901,1.8800,-0.0800,9.5900,1.9097,0.0714,9.9311,10.1133,-0.1250,0.1875,0.0000,995.51,15.76,148.73
2120941,1.8500,-0.1300,9.5800,1.8797,0.0214,9.9211,10.0976,-0.1875,-0.2500,-0.0625,995.51,15.76,148.74
2120981,1.8900,-0.1200,9.6000,1.9197,0.0314,9.9411,10.1248,-0.2500,-0.0625,0.0000,995.51,15.76,148.75
2121021,1.8900,-0.1300,9.6800,1.9197,0.0214,10.0211,10.2033,-0.1875,0.0000,0.0625,995.51,15.76,148.72
2121061,1.9100,-0.1600,9.6800,1.9397,-0.0086,10.0211,10.2071,-0.1250,-0.0625,0.0000,995.51,15.75,148.74
2121101,1.9400,-0.1900,9.6700,1.9697,-0.0386,10.0111,10.2031,-0.1250,-0.1250,-0.0625,995.51,15.75,148.73
2121141,1.9200,-0.1700,9.7100,1.9497,-0.0186,10.0511,10.2385,0.0625,-0.1250,0.0000,995.50,15.75,148.80
2121181,1.9000,-0.1500,9.6500,1.9297,0.0014,9.9911,10.1757,0.0625,-0.1875,0.0000,995.51,15.75,148.74
2121221,1.9000,-0.0600,9.6100,1.9297,0.0914,9.9511,10.1369,-0.0625,0.0625,-0.0625,995.51,15.75,148.73
2121261,1.9300,-0.1100,9.6000,1.9597,0.0414,9.9411,10.1325,0.0000,0.0000,-0.2500,995.51,15.75,148.74
2121301,1.9300,-0.2200,9.5600,1.9597,-0.0686,9.9011,10.0934,0.1875,0.1250,0.0000,995.51,15.75,148.72
2121341,1.9200,-0.2400,9.6100,1.9497,-0.0886,9.9511,10.1407,0.4375,-0.1250,0.0000,995.51,15.75,148.73
2121381,1.8500,-0.2200,9.6800,1.8797,-0.0686,10.0211,10.1961,0.2500,-0.1250,0.0000,995.51,15.75,148.75
2121421,1.8500,-0.1200,9.6800,1.8797,0.0314,10.0211,10.1959,0.5000,0.1875,-0.0625,995.51,15.75,148.78
2121461,1.8500,-0.0200,9.6000,1.8797,0.1314,9.9411,10.1181,0.4375,-0.0625,-0.1875,995.52,15.75,148.71
2121501,1.8800,-0.0100,9.5800,1.9097,0.1414,9.9211,10.1042,0.3750,-0.0625,-0.2500,995.51,15.75,148.76
2121541,1.8900,-0.0400,9.6000,1.9197,0.1114,9.9411,10.1254,0.1250,-0.1250,-0.0625,995.51,15.75,148.75
2121582,1.8800,-0.1300,9.6100,1.9097,0.0214,9.9511,10.1327,-0.1250,0.1875,-0.1250,995.51,15.75,148.76
2121622,1.8900,-0.2300,9.6700,1.9197,-0.0786,10.0111,10.1938,-0.4375,0.0000,0.1875,995.51,15.75,148.79
2121662,1.8900,-0.2300,9.6200,1.9197,-0.0786,9.9611,10.1447,-0.2500,-0.0625,0.2500,995.51,15.75,148.79
2121702,1.9000,-0.2100,9.6100,1.9297,-0.0586,9.9511,10.1366,-0.0625,-0.1250,0.2500,995.51,15.75,148.80
2121742,1.9100,-0.1400,9.6300,1.9397,0.0114,9.9711,10.1580,-0.1250,-0.0625,0.1875,995.50,15.75,148.81
2121781,1.9200,-0.0200,9.6300,1.9497,0.1314,9.9711,10.1608,-0.1250,-0.0625,0.0625,995.51,15.75,148.75
2121821,1.9100,-0.0600,9.6200,1.9397,0.0914,9.9611,10.1486,-0.1250,-0.0625,0.0000,995.51,15.75,148.73
2121861,1.8900,-0.0900,9.6000,1.9197,0.0614,9.9411,10.1249,-0.3750,0.0625,-0.0625,995.51,15.75,148.73
2121901,1.8600,-0.1200,9.5800,1.8897,0.0314,9.9211,10.0995,-0.3125,-0.1250,-0.0625,995.51,15.75,148.76
2121941,1.8600,-0.1500,9.6200,1.8897,0.0014,9.9611,10.1388,-0.3750,-0.0625,0.1250,995.51,15.75,148.76
2121981,1.8900,-0.1200,9.6500,1.9197,0.0314,9.9911,10.1739,-0.3125,-0.1875,0.2500,995.50,15.75,148.83
2122021,1.9100,-0.1100,9.6600,1.9397,0.0414,10.0011,10.1875,-0.2500,-0.2500,0.1250,995.51,15.75,148.79
2122061,1.9400,-0.1100,9.6600,1.9697,0.0414,10.0011,10.1933,-0.3125,0.0625,0.0625,995.51,15.75,148.78
2122101,1.8900,-0.0900,9.5700,1.9197,0.0614,9.9111,10.0955,-0.0625,0.1875,-0.0625,995.51,15.75,148.79
2122141,1.8900,-0.1300,9.5400,1.9197,0.0214,9.8811,10.0659,-0.0625,0.0000,0.0000,995.50,15.75,148.82
2122181,1.8000,-0.0700,9.5100,1.8297,0.0814,9.8511,10.0199,-0.3750,-0.0625,0.0000,995.50,15.75,148.81
2122221,1.9300,-0.0300,9.5700,1.9597,0.1214,9.9111,10.1037,-0.6875,0.1250,0.2500,995.50,15.75,148.82
2122261,1.9900,-0.2500,9.7600,2.0197,-0.0986,10.1011,10.3015,-0.6250,-0.0625,0.3125,995.50,15.75,148.80
2122301,2.0100,-0.3400,9.7700,2.0397,-0.1886,10.1111,10.3165,-0.3125,0.0000,0.1875,995.51,15.75,148.77
2122341,2.0100,-0.3600,9.7500,2.0397,-0.2086,10.0911,10.2973,-0.0625,0.1875,0.1250,995.51,15.75,148.78
2122381,1.9400,-0.2700,9.6500,1.9697,-0.1186,9.9911,10.1841,0.2500,0.1250,0.0000,995.51,15.75,148.76
2122421,1.9000,-0.1900,9.5600,1.9297,-0.0386,9.9011,10.0875,0.5000,0.0000,0.0000,995.51,15.75,148.76
2122461,1.8500,-0.1300,9.5900,1.8797,0.0214,9.9311,10.1074,0.7500,0.1250,-0.1875,995.50,15.75,148.86
2122501,1.8200,-0.1100,9.5800,1.8497,0.0414,9.9211,10.0921,1.0000,-0.0625,-0.3125,995.50,15.75,148.88
2122541,1.8400,0.0000,9.6100,1.8697,0.1514,9.9511,10.1264,0.8750,-0.0625,-0.3125,995.50,15.75,148.87
2122582,1.8400,0.0200,9.6200,1.8697,0.1714,9.9611,10.1365,0.6875,-0.1875,-0.1250,995.49,15.75,148.91
2122622,1.8100,0.0100,9.6700,1.8397,0.1614,10.0111,10.1800,0.5000,0.0000,-0.0625,995.49,15.75,148.92
2122662,1.8100,-0.0100,9.6200,1.8397,0.1414,9.9611,10.1305,-0.0625,0.0000,0.0000,995.50,15.75,148.83
2122702,1.8400,-0.0600,9.5700,1.8697,0.0914,9.9111,10.0863,-0.3750,0.1250,0.1250,995.50,15.75,148.85
2122742,1.8300,-0.1800,9.6700,1.8597,-0.0286,10.0111,10.1824,-0.3750,0.1250,0.0000,995.51,15.75,148.79
2122781,1.8700,-0.2200,9.6400,1.8997,-0.0686,9.9811,10.1605,-0.3750,0.0000,0.1250,995.51,15.75,148.79
2122821,1.9200,-0.2100,9.6000,1.9497,-0.0586,9.9411,10.1307,-0.1875,0.1250,0.1875,995.50,15.75,148.82
2122861,1.9100,-0.2400,9.6300,1.9397,-0.0886,9.9711,10.1584,0.0000,0.0000,0.0625,995.51,15.75,148.79
2122901,1.9300,-0.1600,9.6400,1.9597,-0.0086,9.9811,10.1717,0.1875,0.0625,-0.1250,995.51,15.75,148.79
2122941,1.9000,-0.1600,9.6300,1.9297,-0.0086,9.9711,10.1561,0.1875,0.2500,-0.1250,995.50,15.75,148.84
2122981,1.9200,-0.1300,9.5900,1.9497,0.0214,9.9311,10.1207,0.1875,0.0625,-0.0625,995.50,15.75,148.81
2123021,1.8800,-0.0800,9.6300,1.9097,0.0714,9.9711,10.1526,0.3125,0.1875,-0.1875,995.51,15.75,148.77
2123061,1.9000,-0.0800,9.5800,1.9297,0.0714,9.9211,10.1073,0.2500,0.0000,0.0000,995.51,15.75,148.79
2123101,1.9300,-0.1200,9.6300,1.9597,0.0314,9.9711,10.1619,0.1875,0.1250,0.0000,995.51,15.75,148.78
2123141,1.9300,-0.1100,9.6700,1.9597,0.0414,10.0111,10.2012,0.0625,0.0625,0.0625,995.51,15.75,148.78
2123181,1.9600,-0.0800,9.6200,1.9897,0.0714,9.9611,10.1581,0.0000,0.1250,0.0625,995.50,15.75,148.82
2123221,1.9500,-0.0800,9.5800,1.9797,0.0714,9.9211,10.1169,-0.1250,0.1250,0.0625,995.50,15.75,148.87
2123261,1.9200,-0.1300,9.5800,1.9497,0.0214,9.9211,10.1109,-0.1875,0.1875,0.0000,995.50,15.75,148.80
2123301,1.9200,-0.1700,9.6800,1.9497,-0.0186,10.0211,10.2090,-0.1250,0.1250,0.0625,995.51,15.75,148.79
2123341,1.9300,-0.2100,9.6900,1.9597,-0.0586,10.0311,10.2209,0.0625,0.0625,0.0000,995.51,15.75,148.76
2123381,1.9100,-0.1900,9.6300,1.9397,-0.0386,9.9711,10.1581,0.0625,0.0625,-0.0625,995.51,15.75,148.74
2123421,1.9000,-0.1400,9.6100,1.9297,0.0114,9.9511,10.1365,-0.1250,0.0625,-0.0625,995.51,15.75,148.76
2123461,1.8900,-0.1500,9.5500,1.9197,0.0014,9.8911,10.0757,0.1250,-0.1875,0.1250,995.50,15.75,148.81
2123501,1.8100,-0.1000,9.5600,1.8397,0.0514,9.9011,10.0707,0.0000,-0.0625,0.0000,995.50,15.75,148.83
2123541,1.8200,-0.1000,9.6700,1.8497,0.0514,10.0111,10.1807,0.0000,0.0000,-0.0625,995.50,15.74,148.85
2123582,1.8500,-0.2000,9.6900,1.8797,-0.0486,10.0311,10.2058,0.0625,0.0625,-0.2500,995.50,15.74,148.87
2123622,1.8500,-0.2100,9.6200,1.8797,-0.0586,9.9611,10.1371,0.0625,0.0000,-0.1875,995.50,15.74,148.86
2123662,1.8800,-0.1300,9.6200,1.9097,0.0214,9.9611,10.1425,-0.0625,-0.3125,-0.1250,995.50,15.74,148.84
2123702,1.9100,-0.1300,9.6900,1.9397,0.0214,10.0311,10.2169,0.1875,-0.0625,-0.1250,995.51,15.75,148.79
2123742,1.9100,-0.0900,9.7000,1.9397,0.0614,10.0411,10.2269,0.1250,-0.0625,-0.1875,995.51,15.75,148.77
2123781,1.8800,-0.1300,9.6600,1.9097,0.0214,10.0011,10.1818,0.1250,0.0000,0.0000,995.51,15.75,148.79
2123821,1.8700,-0.1600,9.6400,1.8997,-0.0086,9.9811,10.1603,0.1250,-0.1250,-0.0625,995.50,15.75,148.83
2123861,1.8700,-0.1200,9.6000,1.8997,0.0314,9.9411,10.1210,-0.1250,0.0625,0.0625,995.50,15.75,148.83
2123901,1.9200,-0.1100,9.5900,1.9497,0.0414,9.9311,10.1208,0.0625,-0.0625,-0.0625,995.50,15.75,148.84
2123941,1.8800,-0.1300,9.6200,1.9097,0.0214,9.9611,10.1425,0.0625,0.0625,-0.0625,995.50,15.75,148.80
2123981,1.9700,-0.0800,9.5900,1.9997,0.0714,9.9311,10.1307,0.0000,0.1250,0.1250,995.51,15.75,148.74
2124021,1.9300,-0.1100,9.6800,1.9597,0.0414,10.0211,10.2110,0.1875,0.0625,0.0625,995.51,15.75,148.73
2124061,1.9800,-0.1100,9.6400,2.0097,0.0414,9.9811,10.1815,-0.1250,0.0625,-0.0625,995.51,15.75,148.75
2124101,1.9200,-0.1800,9.5700,1.9497,-0.0286,9.9111,10.1011,-0.1875,0.0000,0.0000,995.51,15.75,148.73
2124141,1.8700,-0.1500,9.5400,1.8997,0.0014,9.8811,10.0621,-0.1250,0.1250,0.0625,995.51,15.75,148.78
2124181,1.8800,-0.0700,9.5400,1.9097,0.0814,9.8811,10.0643,-0.0625,0.0625,0.0625,995.51,15.75,148.78
2124221,1.9000,-0.1200,9.6100,1.9297,0.0314,9.9511,10.1365,-0.1250,0.1875,0.0625,995.51,15.75,148.72
2124261,1.8400,-0.1700,9.6600,1.8697,-0.0186,10.0011,10.1744,0.1875,0.1250,0.0000,995.51,15.75,148.73
2124301,1.8800,-0.1900,9.6600,1.9097,-0.0386,10.0011,10.1819,-0.1250,0.0000,0.0000,995.51,15.75,148.78
2124341,1.9100,-0.1400,9.5900,1.9397,0.0114,9.9311,10.1188,-0.1250,0.0000,0.0625,995.51,15.75,148.79
2124381,1.8900,-0.1400,9.6600,1.9197,0.0114,10.0011,10.1837,-0.0625,-0.1250,-0.1875,995.51,15.75,148.77
2124421,1.9200,-0.1700,9.6400,1.9497,-0.0186,9.9811,10.1698,-0.1250,-0.1250,0.0000,995.51,15.75,148.77
2124461,1.8500,-0.1900,9.6300,1.8797,-0.0386,9.9711,10.1468,-0.1875,0.2500,-0.0625,995.51,15.75,148.74
2124501,1.8900,-0.1200,9.6400,1.9197,0.0314,9.9811,10.1641,-0.1250,0.0625,0.0000,995.51,15.75,148.75
2124541,1.9100,-0.1400,9.6100,1.9397,0.0114,9.9511,10.1384,0.0625,0.0000,0.0625,995.51,15.75,148.77
2124582,1.8900,-0.1500,9.5800,1.9197,0.0014,9.9211,10.1051,0.0625,0.0000,0.0625,995.51,15.75,148.76
2124622,1.9000,-0.1400,9.6200,1.9297,0.0114,9.9611,10.1463,0.0625,-0.1250,0.0625,995.51,15.75,148.77
2124662,1.8600,-0.1400,9.6600,1.8897,0.0114,10.0011,10.1781,-0.1250,0.1875,0.0625,995.51,15.75,148.77
2124702,1.8900,-0.1300,9.6600,1.9197,0.0214,10.0011,10.1837,-0.0625,-0.0625,0.0625,995.50,15.75,148.80
2124742,1.8800,-0.1500,9.6300,1.9097,0.0014,9.9711,10.1523,0.0625,-0.0625,0.0000,995.51,15.75,148.78
2124781,1.8900,-0.1100,9.6500,1.9197,0.0414,9.9911,10.1739,-0.0625,-0.0625,0.0000,995.51,15.75,148.78
2124821,1.8700,-0.1300,9.6300,1.8997,0.0214,9.9711,10.1505,0.0000,0.1875,-0.0625,995.51,15.75,148.79
2124861,1.8600,-0.1500,9.6200,1.8897,0.0014,9.9611,10.1388,-0.0625,-0.1250,-0.0625,995.51,15.75,148.78
2124901,1.8800,-0.1400,9.6700,1.9097,0.0114,10.0111,10.1916,0.1250,-0.1250,-0.0625,995.50,15.75,148.86
2124941,1.9200,-0.1300,9.6200,1.9497,0.0214,9.9611,10.1501,0.0000,0.2500,-0.0625,995.51,15.75,148.79
2124981,1.8900,-0.1000,9.6200,1.9197,0.0514,9.9611,10.1445,0.0000,0.0625,0.0000,995.51,15.75,148.77
2125021,1.8700,-0.1100,9.6100,1.8997,0.0414,9.9511,10.1309,-0.0625,0.0625,-0.1250,995.50,15.75,148.82
2125061,1.9000,-0.1100,9.6100,1.9297,0.0414,9.9511,10.1366,-0.0625,0.1250,-0.1250,995.50,15.75,148.82
2125101,1.9000,-0.1400,9.6300,1.9297,0.0114,9.9711,10.1561,0.0625,0.0625,0.0625,995.51,15.75,148.74
2125141,1.9000,-0.1400,9.6300,1.9297,0.0114,9.9711,10.1561,0.0625,0.1250,-0.0625,995.51,15.75,148.72
2125181,1.8800,-0.1300,9.6500,1.9097,0.0214,9.9911,10.1720,0.0625,-0.1250,0.0000,995.51,15.75,148.78
2125221,1.8900,-0.1500,9.6200,1.9197,0.0014,9.9611,10.1444,0.0000,0.1250,0.0625,995.50,15.75,148.81
2125261,1.8900,-0.1500,9.6300,1.9197,0.0014,9.9711,10.1542,0.0000,0.0625,-0.1250,995.51,15.75,148.79
2125301,1.9200,-0.1100,9.6100,1.9497,0.0414,9.9511,10.1404,0.0625,-0.2500,-0.0625,995.51,15.75,148.77
3567582,1.8300,-0.3700,9.6400,1.8597,-0.2186,9.9811,10.1552,0.2500,0.1250,0.0625,997.78,17.87,129.56
3567622,1.8400,-0.3800,9.6400,1.8697,-0.2286,9.9811,10.1573,0.0000,-0.0625,0.0625,997.79,17.87,129.55
3567662,1.8200,-0.4000,9.6500,1.8497,-0.2486,9.9911,10.1639,-0.0625,0.2500,-0.1250,997.79,17.87,129.54
3567702,1.8200,-0.4300,9.6200,1.8497,-0.2786,9.9611,10.1352,-0.1250,0.1250,-0.0625,997.78,17.87,129.62
3567742,1.8200,-0.4400,9.6500,1.8497,-0.2886,9.9911,10.1650,-0.1875,0.0000,-0.1250,997.78,17.87,129.59
3567781,1.8100,-0.4900,9.6600,1.8397,-0.3386,10.0011,10.1745,-0.0625,0.1250,-0.0625,997.78,17.87,129.57
3567821,1.8300,-0.4500,9.6400,1.8597,-0.2986,9.9811,10.1573,-0.0625,0.0000,0.1250,997.79,17.87,129.55
3567861,1.8400,-0.4300,9.6500,1.8697,-0.2786,9.9911,10.1684,-0.1250,0.1250,0.0000,997.79,17.87,129.54
3567901,1.8400,-0.4100,9.6000,1.8697,-0.2586,9.9411,10.1187,0.0000,0.0625,0.0625,997.79,17.87,129.52
3567941,1.8500,-0.4200,9.6300,1.8797,-0.2686,9.9711,10.1503,-0.0625,-0.0625,-0.0625,997.79,17.87,129.52
3567981,1.8600,-0.4300,9.6500,1.8897,-0.2786,9.9911,10.1721,-0.1875,0.0625,0.0000,997.79,17.87,129.49
3568021,1.8500,-0.4400,9.6600,1.8797,-0.2886,10.0011,10.1803,0.0000,0.0000,-0.0625,997.79,17.87,129.53
3568061,1.8600,-0.4100,9.6800,1.8897,-0.2586,10.0211,10.2010,-0.0625,-0.0625,0.1250,997.79,17.87,129.54
3568101,1.8200,-0.4000,9.6500,1.8497,-0.2486,9.9911,10.1639,0.0625,0.0000,0.0000,997.79,17.87,129.55
3568141,1.8700,-0.4500,9.5700,1.8997,-0.2986,9.9111,10.0959,0.0625,-0.2500,0.0000,997.78,17.87,129.58
3568181,1.8300,-0.4600,9.6700,1.8597,-0.3086,10.0111,10.1870,0.0625,0.0000,0.0625,997.78,17.87,129.57
3568221,1.7800,-0.4300,9.7100,1.8097,-0.2786,10.0511,10.2165,0.0625,0.2500,0.0000,997.78,17.87,129.56
3568261,1.8400,-0.4400,9.6700,1.8697,-0.2886,10.0111,10.1883,0.0000,0.3125,-0.1250,997.79,17.87,129.55
3568301,1.8300,-0.4300,9.6700,1.8597,-0.2786,10.0111,10.1862,-0.0625,0.1875,-0.1250,997.78,17.87,129.56
3568341,1.8100,-0.4100,9.6300,1.8397,-0.2586,9.9711,10.1427,-0.0625,0.0000,0.0625,997.79,17.87,129.56
3568381,1.8200,-0.4100,9.6300,1.8497,-0.2586,9.9711,10.1445,0.0625,0.1250,-0.1250,997.79,17.87,129.54
3568421,1.8500,-0.4300,9.6200,1.8797,-0.2786,9.9611,10.1407,-0.1250,0.0625,0.0625,997.79,17.87,129.56
3568461,1.8400,-0.4300,9.6400,1.8697,-0.2786,9.9811,10.1585,-0.0625,0.0000,0.0000,997.79,17.87,129.52
3568501,1.8600,-0.4400,9.6400,1.8897,-0.2886,9.9811,10.1625,0.0000,0.0625,-0.0625,997.79,17.87,129.51
3568541,1.8700,-0.4400,9.6400,1.8997,-0.2886,9.9811,10.1644,0.0625,-0.0625,0.0625,997.79,17.87,129.53
3568582,1.8100,-0.4600,9.6300,1.8397,-0.3086,9.9711,10.1441,-0.1250,-0.1250,0.0000,997.79,17.87,129.52
3568622,1.8300,-0.4400,9.6500,1.8597,-0.2886,9.9911,10.1668,0.0625,0.0000,0.0000,997.79,17.87,129.53
3568662,1.8400,-0.4300,9.6500,1.8697,-0.2786,9.9911,10.1684,0.1250,0.0625,0.0625,997.79,17.87,129.48
3568702,1.8400,-0.4000,9.6500,1.8697,-0.2486,9.9911,10.1676,0.0000,-0.1250,0.0000,997.80,17.87,129.46
3568742,1.8600,-0.4100,9.6300,1.8897,-0.2586,9.9711,10.1519,0.0000,-0.1250,-0.0625,997.79,17.87,129.54
3568781,1.8500,-0.4200,9.6400,1.8797,-0.2686,9.9811,10.1601,0.1250,0.1875,0.0000,997.79,17.87,129.51
3568821,1.8500,-0.4200,9.6500,1.8797,-0.2686,9.9911,10.1699,0.0000,0.0000,0.0000,997.79,17.87,129.52
3568861,1.8400,-0.4500,9.6600,1.8697,-0.2986,10.0011,10.1787,0.0000,0.0625,-0.0625,997.79,17.87,129.53
3568901,1.8300,-0.4400,9.6200,1.8597,-0.2886,9.9611,10.1373,0.0625,-0.0625,-0.0625,997.79,17.87,129.52
3568941,1.8300,-0.4400,9.6700,1.8597,-0.2886,10.0111,10.1865,0.0000,-0.1875,0.0625,997.80,17.87,129.46
3568981,1.8300,-0.4300,9.6200,1.8597,-0.2786,9.9611,10.1370,0.0625,0.1250,-0.1875,997.80,17.87,129.47
3569021,1.8300,-0.4300,9.6400,1.8597,-0.2786,9.9811,10.1567,0.0000,0.1250,0.0000,997.79,17.87,129.50
3569061,1.8200,-0.4100,9.6300,1.8497,-0.2586,9.9711,10.1445,0.0000,0.0000,0.0000,997.79,17.87,129.50
3569101,1.8400,-0.4100,9.6400,1.8697,-0.2586,9.9811,10.1580,-0.0625,-0.1250,-0.0625,997.80,17.87,129.47
3569141,1.8300,-0.4500,9.6200,1.8597,-0.2986,9.9611,10.1376,0.0625,-0.0625,0.0000,997.79,17.87,129.52
3569181,1.8300,-0.4200,9.6500,1.8597,-0.2686,9.9911,10.1663,0.0625,0.0000,0.0625,997.80,17.87,129.44
3569221,1.8200,-0.4400,9.6200,1.8497,-0.2886,9.9611,10.1355,0.0625,-0.1250,0.1250,997.80,17.87,129.45
3569261,1.8500,-0.4300,9.6900,1.8797,-0.2786,10.0311,10.2095,-0.0625,0.0000,0.0625,997.80,17.87,129.47
3569301,1.8300,-0.4300,9.6500,1.8597,-0.2786,9.9911,10.1665,0.0625,0.1250,0.0000,997.80,17.87,129.47
3569341,1.8200,-0.4500,9.6600,1.8497,-0.2986,10.0011,10.1751,-0.0625,-0.0625,0.0625,997.79,17.87,129.54
3569381,1.8100,-0.4300,9.6500,1.8397,-0.2786,9.9911,10.1629,0.1875,0.0000,-0.0625,997.79,17.87,129.53
3569421,1.8300,-0.4200,9.6400,1.8597,-0.2686,9.9811,10.1564,0.1250,0.0625,0.0625,997.79,17.87,129.49
3569461,1.8300,-0.4500,9.6300,1.8597,-0.2986,9.9711,10.1474,-0.0625,-0.0625,0.0625,997.79,17.87,129.49
3569501,1.8300,-0.4200,9.6400,1.8597,-0.2686,9.9811,10.1564,0.0000,-0.0625,0.0625,997.79,17.87,129.52
3569541,1.8500,-0.4300,9.6200,1.8797,-0.2786,9.9611,10.1407,0.0000,-0.0625,0.0000,997.79,17.87,129.56
3569582,1.8200,-0.4300,9.6600,1.8497,-0.2786,10.0011,10.1745,0.0000,-0.1250,-0.0625,997.78,17.86,129.61
3569622,1.8400,-0.4300,9.6500,1.8697,-0.2786,9.9911,10.1684,-0.0625,-0.1875,0.0000,997.77,17.86,129.65
3569662,1.8400,-0.4600,9.6500,1.8697,-0.3086,9.9911,10.1692,0.0000,0.1250,0.0625,997.77,17.86,129.67
3569702,1.8300,-0.4200,9.6100,1.8597,-0.2686,9.9511,10.1269,-0.0625,-0.0625,0.0000,997.77,17.86,129.65
3569742,1.8300,-0.4500,9.6100,1.8597,-0.2986,9.9511,10.1278,0.0625,0.0625,0.1875,997.78,17.86,129.61
3569781,1.8400,-0.4100,9.6300,1.8697,-0.2586,9.9711,10.1482,-0.0625,0.0000,0.0000,997.78,17.86,129.59
3569821,1.8600,-0.4200,9.6700,1.8897,-0.2686,10.0111,10.1914,-0.1250,-0.0625,-0.1250,997.79,17.86,129.53
3569861,1.8300,-0.4100,9.6600,1.8597,-0.2586,10.0011,10.1758,-0.1250,-0.1250,0.0000,997.80,17.87,129.47
3569901,1.8400,-0.4500,9.6400,1.8697,-0.2986,9.9811,10.1591,0.1250,-0.0625,-0.1250,997.79,17.87,129.48
3569941,1.8600,-0.4300,9.5900,1.8897,-0.2786,9.9311,10.1131,0.0625,0.0625,0.0000,997.78,17.86,129.57
3569981,1.8300,-0.4200,9.6300,1.8597,-0.2686,9.9711,10.1466,0.0625,0.1250,0.0000,997.79,17.86,129.54
3570021,1.8500,-0.4200,9.6400,1.8797,-0.2686,9.9811,10.1601,0.0625,-0.0625,0.0625,997.79,17.86,129.51
3570061,1.8500,-0.4400,9.6500,1.8797,-0.2886,9.9911,10.1705,0.1250,0.1250,0.0000,997.79,17.86,129.53
3570101,1.8300,-0.4300,9.6500,1.8597,-0.2786,9.9911,10.1665,-0.1250,-0.1250,0.1250,997.78,17.87,129.57
3570141,1.8400,-0.4400,9.6500,1.8697,-0.2886,9.9911,10.1686,0.0625,0.0625,0.0625,997.78,17.86,129.58
3570181,1.8300,-0.4100,9.6700,1.8597,-0.2586,10.0111,10.1857,0.0000,0.0625,-0.1250,997.78,17.86,129.58
3570221,1.8400,-0.4500,9.6300,1.8697,-0.2986,9.9711,10.1493,0.0625,-0.0625,-0.0625,997.79,17.86,129.54
3570261,1.8200,-0.4200,9.6300,1.8497,-0.2686,9.9711,10.1448,0.0000,0.0000,0.0000,997.79,17.86,129.56
3570301,1.8300,-0.4300,9.6500,1.8597,-0.2786,9.9911,10.1665,-0.0625,0.0000,0.0000,997.79,17.86,129.56
3570341,1.8300,-0.4200,9.6100,1.8597,-0.2686,9.9511,10.1269,-0.1875,-0.1250,0.0625,997.79,17.86,129.53
3570381,1.8100,-0.4400,9.6400,1.8397,-0.2886,9.9811,10.1533,0.0000,0.0625,0.0625,997.79,17.86,129.54
3570421,1.8300,-0.4300,9.6800,1.8597,-0.2786,10.0211,10.1960,0.1250,-0.0625,0.0000,997.78,17.86,129.57
3570461,1.8600,-0.4300,9.6900,1.8897,-0.2786,10.0311,10.2113,-0.0625,-0.1250,0.0000,997.78,17.86,129.56
3570501,1.8400,-0.4100,9.6000,1.8697,-0.2586,9.9411,10.1187,0.0625,-0.0625,0.0625,997.78,17.86,129.57
3570541,1.8300,-0.4600,9.6300,1.8597,-0.3086,9.9711,10.1477,0.0000,0.0000,0.0000,997.79,17.86,129.54
3570582,1.8500,-0.4200,9.6700,1.8797,-0.2686,10.0111,10.1896,0.0000,0.0625,-0.0625,997.79,17.86,129.52
3570622,1.8400,-0.4100,9.6700,1.8697,-0.2586,10.0111,10.1875,-0.0625,0.0625,0.0000,997.79,17.86,129.55
3570662,1.8300,-0.4200,9.6500,1.8597,-0.2686,9.9911,10.1663,0.0000,0.0625,0.0625,997.79,17.86,129.53
3570702,1.8400,-0.4200,9.6800,1.8697,-0.2686,10.0211,10.1976,0.0625,0.0000,0.0000,997.79,17.86,129.53
3570742,1.8300,-0.4300,9.6200,1.8597,-0.2786,9.9611,10.1370,-0.0625,-0.0625,0.0625,997.79,17.86,129.52
3570781,1.8300,-0.4100,9.6400,1.8597,-0.2586,9.9811,10.1562,0.1250,0.0000,-0.0625,997.79,17.86,129.52
3570821,1.8300,-0.4300,9.6600,1.8597,-0.2786,10.0011,10.1763,-0.0625,0.0625,0.0000,997.79,17.86,129.56
3570861,1.8300,-0.4300,9.6400,1.8597,-0.2786,9.9811,10.1567,0.0000,0.0000,0.0000,997.79,17.86,129.54
3570901,1.8400,-0.4500,9.6300,1.8697,-0.2986,9.9711,10.1493,-0.1250,-0.0625,0.0000,997.79,17.86,129.55
3570941,1.8500,-0.4500,9.6800,1.8797,-0.2986,10.0211,10.2002,0.0000,-0.1875,0.0000,997.79,17.86,129.54
3570981,1.8300,-0.4200,9.6400,1.8597,-0.2686,9.9811,10.1564,0.0625,0.0625,0.0625,997.79,17.86,129.54
3571021,1.8300,-0.4100,9.6500,1.8597,-0.2586,9.9911,10.1660,0.0625,0.0000,0.0000,997.79,17.86,129.49
3571061,1.8200,-0.4300,9.6500,1.8497,-0.2786,9.9911,10.1647,0.1250,-0.0625,0.0625,997.79,17.86,129.48
3571101,1.8400,-0.4300,9.6700,1.8697,-0.2786,10.0111,10.1880,0.0625,0.1250,-0.0625,997.80,17.86,129.46
3571141,1.8400,-0.4400,9.6400,1.8697,-0.2886,9.9811,10.1588,-0.0625,0.0625,-0.0625,997.80,17.86,129.46
3571181,1.8400,-0.4300,9.6500,1.8697,-0.2786,9.9911,10.1684,0.0625,0.0625,0.0000,997.79,17.86,129.52
3571221,1.8500,-0.4100,9.6400,1.8797,-0.2586,9.9811,10.1598,0.1250,-0.1250,0.0000,997.79,17.86,129.51
3571261,1.8400,-0.4400,9.6200,1.8697,-0.2886,9.9611,10.1392,0.0625,-0.1250,0.0000,997.80,17.86,129.44
3571301,1.8300,-0.4200,9.6300,1.8597,-0.2686,9.9711,10.1466,0.0625,0.0000,0.1250,997.80,17.86,129.44
3571341,1.8200,-0.4200,9.6700,1.8497,-0.2686,10.0111,10.1841,0.0000,0.0000,0.0000,997.79,17.86,129.49
3571381,1.8400,-0.4400,9.6500,1.8697,-0.2886,9.9911,10.1686,-0.0625,0.0000,-0.1250,997.79,17.86,129.50
3571421,1.8500,-0.4400,9.6500,1.8797,-0.2886,9.9911,10.1705,-0.0625,0.0625,0.0625,997.79,17.86,129.52
3571461,1.8300,-0.4500,9.6600,1.8597,-0.2986,10.0011,10.1769,-0.1250,-0.0625,0.0625,997.79,17.86,129.56
3571501,1.8300,-0.4400,9.6400,1.8597,-0.2886,9.9811,10.1570,0.1250,-0.1250,0.0625,997.79,17.86,129.55
3571541,1.8600,-0.4300,9.6300,1.8897,-0.2786,9.9711,10.1524,0.0000,0.0000,0.0625,997.79,17.86,129.50
3571582,1.8300,-0.4400,9.6500,1.8597,-0.2886,9.9911,10.1668,0.1250,-0.0625,-0.0625,997.79,17.86,129.51
3571622,1.8400,-0.4200,9.6300,1.8697,-0.2686,9.9711,10.1484,0.0000,0.0000,0.0625,997.79,17.86,129.49
3571662,1.8300,-0.4300,9.6300,1.8597,-0.2786,9.9711,10.1469,0.0000,-0.2500,0.1250,997.79,17.86,129.49
3571702,1.8300,-0.4300,9.6200,1.8597,-0.2786,9.9611,10.1370,-0.0625,-0.0625,0.0000,997.79,17.86,129.48
3571742,1.8400,-0.4300,9.6400,1.8697,-0.2786,9.9811,10.1585,0.0000,0.1250,-0.0625,997.80,17.86,129.45
3571781,1.8600,-0.4300,9.6500,1.8897,-0.2786,9.9911,10.1721,0.0625,-0.1250,0.1250,997.79,17.86,129.48
3571821,1.8300,-0.4400,9.6500,1.8597,-0.2886,9.9911,10.1668,-0.0625,0.0625,0.0000,997.80,17.86,129.42
3571861,1.8300,-0.4400,9.6600,1.8597,-0.2886,10.0011,10.1766,-0.0625,0.0000,0.0625,997.80,17.86,129.44
3571901,1.8200,-0.4200,9.6300,1.8497,-0.2686,9.9711,10.1448,0.0000,-0.1250,-0.0625,997.80,17.86,129.44
3571941,1.8300,-0.4300,9.6500,1.8597,-0.2786,9.9911,10.1665,-0.0625,0.0000,0.0625,997.80,17.86,129.47
3571981,1.8600,-0.4200,9.6500,1.8897,-0.2686,9.9911,10.1718,0.0000,-0.0625,0.0000,997.79,17.86,129.49
3572021,1.8500,-0.4200,9.6400,1.8797,-0.2686,9.9811,10.1601,-0.1875,-0.0625,0.1250,997.80,17.86,129.47
3572061,1.8400,-0.4300,9.6400,1.8697,-0.2786,9.9811,10.1585,0.0625,0.1875,-0.0625,997.79,17.86,129.49
3572101,1.8500,-0.4300,9.6200,1.8797,-0.2786,9.9611,10.1407,0.0000,-0.1250,0.0625,997.79,17.86,129.54
3572141,1.8400,-0.4400,9.6700,1.8697,-0.2886,10.0111,10.1883,0.1250,0.0000,0.0625,997.79,17.86,129.51
3572181,1.8400,-0.4400,9.6700,1.8697,-0.2886,10.0111,10.1883,-0.1250,0.1250,0.0625,997.79,17.86,129.53
3572221,1.8300,-0.4400,9.6600,1.8597,-0.2886,10.0011,10.1766,0.0000,-0.0625,0.0625,997.79,17.86,129.55
3572261,1.8300,-0.4600,9.6500,1.8597,-0.3086,9.9911,10.1674,0.0000,0.0625,-0.0625,997.79,17.86,129.55
3572301,1.8000,-0.4400,9.6200,1.8297,-0.2886,9.9611,10.1319,-0.0625,-0.2500,0.0000,997.78,17.86,129.57
3572341,1.8400,-0.4200,9.6400,1.8697,-0.2686,9.9811,10.1583,-0.0625,0.0000,0.0000,997.78,17.86,129.56
3572381,1.8300,-0.4200,9.6200,1.8597,-0.2686,9.9611,10.1368,0.0000,0.0000,-0.1250,997.78,17.86,129.59
3572421,1.8400,-0.4400,9.6300,1.8697,-0.2886,9.9711,10.1490,0.0000,-0.0625,0.0000,997.78,17.86,129.57
3572461,1.8300,-0.4300,9.6200,1.8597,-0.2786,9.9611,10.1370,0.0625,0.0625,0.0625,997.78,17.86,129.59
3572501,1.8400,-0.4300,9.6500,1.8697,-0.2786,9.9911,10.1684,0.0625,0.0000,-0.0625,997.79,17.86,129.54
3572541,1.8400,-0.4000,9.6400,1.8697,-0.2486,9.9811,10.1578,0.0000,0.0625,0.0625,997.78,17.86,129.56
3572582,1.8400,-0.4200,9.6600,1.8697,-0.2686,10.0011,10.1779,0.0625,0.1250,0.0625,997.79,17.86,129.56
3572622,1.8300,-0.4500,9.6600,1.8597,-0.2986,10.0011,10.1769,0.0000,0.0625,0.0625,997.78,17.86,129.59
3572662,1.8200,-0.4200,9.6300,1.8497,-0.2686,9.9711,10.1448,-0.0625,-0.1250,0.0625,997.78,17.86,129.62
3572702,1.8300,-0.4200,9.6500,1.8597,-0.2686,9.9911,10.1663,-0.0625,0.0000,-0.0625,997.78,17.86,129.60
3572742,1.8400,-0.4400,9.6400,1.8697,-0.2886,9.9811,10.1588,0.0000,0.0625,0.0000,997.78,17.86,129.57
3572781,1.8200,-0.4300,9.6800,1.8497,-0.2786,10.0211,10.1942,0.0000,0.0625,0.0625,997.78,17.86,129.58
3572821,1.8300,-0.4400,9.6600,1.8597,-0.2886,10.0011,10.1766,0.0000,0.0000,-0.0625,997.79,17.86,129.53
3572861,1.8400,-0.4400,9.6300,1.8697,-0.2886,9.9711,10.1490,0.0000,0.1250,-0.1250,997.79,17.86,129.52
3572901,1.8400,-0.4400,9.6700,1.8697,-0.2886,10.0111,10.1883,0.0625,0.0625,0.0000,997.79,17.86,129.56
3572941,1.8300,-0.4200,9.6500,1.8597,-0.2686,9.9911,10.1663,0.0625,-0.0625,-0.0625,997.78,17.86,129.61
3572981,1.8100,-0.4400,9.6500,1.8397,-0.2886,9.9911,10.1632,0.0625,0.0625,-0.0625,997.78,17.86,129.61
3573021,1.8500,-0.4400,9.6600,1.8797,-0.2886,10.0011,10.1803,0.0000,0.1250,-0.0625,997.78,17.86,129.60
3573061,1.8200,-0.4300,9.6500,1.8497,-0.2786,9.9911,10.1647,-0.0625,0.0625,0.0000,997.78,17.86,129.60
3573101,1.8400,-0.4400,9.6500,1.8697,-0.2886,9.9911,10.1686,0.0625,0.0000,0.1250,997.79,17.86,129.54
3573141,1.8300,-0.4200,9.6600,1.8597,-0.2686,10.0011,10.1761,0.0000,0.0625,-0.0625,997.79,17.86,129.53
3573181,1.8200,-0.4400,9.6400,1.8497,-0.2886,9.9811,10.1551,-0.0625,0.0000,-0.0625,997.79,17.86,129.53
